,bloggername
0,비키의 소소한일상:)
1,권매력의 charming-DAY
2,우기부기블로그
3,귀찮은 섭
4,아가리파이터의 한.술.담.끼
5,"Ever thine, Ever mine, Ever ours."
6,날마다 좋은 날
7,Let's Go Fashion World~♡
8,자신의 자리에서 빛나는 사람
9,"기억, 추억, 생각"
10,그녀가 사는 세상
11,"룰루랄라, favorance"
12,DOLZA'S EAT&JOY!
13,비키의 소소한일상:)
14,로민유랑단
15,막돼먹은찌니
16,orizzang
17,나누미의 유쾌한 나눔통
18,찌주의 데일리블로그 ♡
19,인생은 짧다
20,ALOHOMORA
21,내.몸.사.랑
22,GRACE's lov diary
23,마미새 ⓔ야기
24,La vie en rose ??
25,? 미래작가홀릭 ?
26,패션블로거 미오
27,맛집깡패~♥
28,노는게 제일 좋아 ♬
29,행복 달달 샤페이 메주 간장네 :) - PART.2 -
30,구름사진찍는 미라씨
31,짱세 일상
32,내면의아이와 함께~
33,독박육아일기
34,쏘쏘잉의 일상블로그♩♪
35,미미쵸코의 세계
36,이래도 흥 저래도 흥
37,Elyan's Sight
38,박카스D 의 오감만족 블로그
39,아리푸의 핑크빛뜰
40,제으니의 블로그
41,"Love the Life You Live, Live the Life You Love."
42,당케의 세상의 모든것
43,잉여로운 삶 by 스마일밍아 ☆
44,라미의 멀티 뮤지엄
45,윤느로그
46,날주와 션과 밍의 열혈육아
47,☆소소한 행복이야기☆
48,BERRY GO ROUND
49,yangjinss daily & raandj
50,조소통씨
51,Minimum Rich
52,위드 바이올렛
53,XD
54,아름다운 지구별 여행중 ♬
55,lizzy's blog
56,먹는게 가장 쉬웠어요♪
57,달콤쪼꼬의 블로그 ♡
58,울틴껌
59,워너비스타 임배우
60,모든 날의 기록
61,꽃다운청춘 쭈니의 블로그
62,지극히 주관적인 블로그
63,몽환중도
64,여의도 직장인 문썬의 밥상 (舊 을지로)
65,땡깡이 그녀의 일상♡
66,디즈데일리
67,JIAEFOLIO
68,Review World
69,Only on date
70,맵씨블로그
71,Healing Eyes
72,애쁨이네 블로그
73,나랑 놀아줄꺼지 ?
74,전주 꼬숩네 매니저
75,릿짱의 블로그 시즌2
76,엉클CJ의 잡학연구소
77,파닥's 여행하는 일상
78,Grace's story
79,제나의 일상리뷰
80,심신복원요법센터(Mind-Body Reset Technique Center)
81,아이린의 하우스 (엄마들의 모든 것)
82,맵씨블로그
83,dailydessert의 맛있는 BLOG
84,Luna의 세계여행
85,lizzy's blog
86,101번째 타르트
87,여행하는 술로그
88,예남매네 트랜드라이프
89,돼지삼남매 블로그♥Life is short EAT dessert first
90,미친중독성
91,어떻게 사는 게 좋아?
92,가얏고와 독수리5형제의 즐거운 일상
93,박양의 기억보관함
94,하하하
95,제이미스타일 동탄3호점 N 네일
96,햇태공간
97,S u m m e r d a y
98,la vie en rose
99,하늘 연달의 소소한 일상
100,허브향 가득 퀘럼네 베란다정원
101,GRACE's lov diary
102,viviant:)비비앙뜨
103,orizzang
104,수잔's 파스텔인생♩
105,찌주의 데일리블로그 ♡
106,봉달봉순의 두근두근쿵쿵플리즈
107,쟈쟈졔의 여행 라이프
108,Youriful day '?'?
109,후니의 탐나는 라이프
110,꿈꾸는 공간
111,-에르르네 집。
112,허브향 가득 퀘럼네 베란다정원
113,뇽이네 이야기
114,스킨 앤바디 블로그
115,힘찬이네 블로그
116,다나가 걸어가는 길
117,요지경세상
118,쭌민이네 즐거운 일상
119,Excellent from God
120,위드 바이올렛
121,쏘쏘잉의 일상블로그♩♪
122,일상.....나만의공간★
123,매일매일 행복하게
124,허브향 가득 퀘럼네 베란다정원
125,bonne chance
126,Now we go!
127,我好想念?
128,인생에 매력 묻히기
129,버녕의 리뷰다반사
130,김구안경으로 보는 김구세상
131,forever young
132,셂의 블로그
133,인뚱이 부로구
134,"me, today"
135,뚜니 ddu_nni 일기장
136,매일매일 행복하게
137,행운의 여신♥ 긍정적인마인드 :)
138,으네세상~★
139,세상에서 최고로 행복해질 순간까지
140,"Seize the day, Seize the moment"
141,응챨부부의 Happy Story
142,서울 기상센터 Weather Center of Seoul
143,센티멘탈
144,역마살 낀 여행덕후 윤슬의 Blog:)
145,쏭과함께
146,"로사킴,언니가 해보고 알려줄게 Real Story of Rosa"
147,홍언니네
148,Attractive shim
149,나디아 블로그
150,PHOTO.SAYS.HELLO
151,Excellent from God
152,스킨 앤바디 블로그
153,써니블로그
154,J+J HAPPY DAY
155,쏟아놓기
156,"깸잉, 너 하고싶은거 다 해 :)"
157,위풍당당 그녀의 일상
158,파닥's 여행하는 일상
159,W o n d e r B o x
160,이벤트 중 ! A S L I ☆
161,"깸잉, 너 하고싶은거 다 해 :)"
162,"안녕, 고마운 나의 하루"
163,SUSU HA ____ HAA
164,금성키친의 소소한 이야기
165,"깸잉, 너 하고싶은거 다 해 :)"
166,Elly Blog
167,我好想念?
168,09x43
169,사진에 세상을 담다 by everlsk
170,신자매 블로그
171,Heizy
172,once upon a december
173,101번째 타르트
174,졍이의 데일리 로그
175,파닥's 여행하는 일상
176,구루구루's World
177,란블링
178,흥청망청 후이로그
179,돈블리의 소소한 일상 ♡
180,벤 문의 세상살이
181,공익연계마케터 / 나눔실천특별위원회
182,알라림의 알라알라
183,♥제이임당의 손으로 그리는 이야기♥
184,황궁궐-그게나야
185,뚜벅뚜벅
186,:P
187,양갱's 달달한 일상 :)
188,♥요술핑거 꽃이 핀다♥
189,ㅅㅂㄹㄱ(싱블로그)
190,Shu의 리뷰일기
191,I am a different brand
192,물구나무서기
193,Show U All★
194,박준뷰티랩 안산고잔점
195,어떻게 사는 게 좋아?
196,엄탱's 블로그♡
197,블롱이 아방가르드
198,AS I PLEASE :  by 유고-.
199,"여행같은 인생, ♥"
